name_1,name_2,point_latitude,point_longitude
,Grand Ethiopian Renaissance Dam,11.21642099639031,35.09362666851677
Roseires Dam,,11.797782987249425,34.38707012619424