name,point_latitude,point_longitude
Tigray,13.509199272604844,39.465221641929624